,0,new,company,location,salary,summary,posted_date
0,"Junior Analyst, Finance",new,Bridgepoint Active Healthcare,"Toronto, ON",not being posted,"The Junior Analyst will support Finance Leadership and our Senior Analysts with report generation, variance analysis, and the identification and implementation…",5 days ago
1,Finance Controller,new,ECCO Shoes Canada Inc,"Toronto, ON•Temporarily Remote",not being posted,"Minimum of 5+ years in an accounting or financial analyst capacity managing a team.
To succeed in this position, you will bring excellent knowledge and in-depth…",7 days ago
2,Finance Co-Op 2022,Finance Co-Op 2022,Johnson & Johnson Family of Companies,"Toronto, ON",not being posted,"The Finance Intern will have the opportunity to gain experience in such areas as financial accounting and analysis, sales & marketing finance, operations…",20 days ago
3,Financial Aid Officer,new,YORKVILLE UNIVERSITY & TORONTO FILM SCHOOL,"Concord, ON",not being posted,"The Financial Aid Officer advises students on payment terms and funding options to attend or remain in studies, educates learners about the options available,…",7 days ago
4,Finance Administrator,new,ERP Buddies Inc.,"Mississauga, ON","$34,269 - $73,035 a year","Develop and implement policies for finance and accounting departments.
A degree in accounting or finance or equivalent relevant experience *\*Required\**.",Today
5,"Junior Analyst, Finance",new,Sinai Health,"Toronto, ON",not being posted,"The Junior Analyst will support Finance Leadership and our Senior Analysts with report generation, variance analysis, and the identification and implementation…",5 days ago
6,finance officer,new,SPARX LOGISTICS CANADA LIMITED,"Concord, ON",$24.50 an hour,"Prepare trial balance of books.
Maintain general ledgers and financial statements.
Calculate and prepare cheques for payroll.",Today
7,Online Finance and Business Tutor,Online Finance and Business Tutor,Canada Online Tutoring Inc.,"Toronto, ON•Remote",$20 - $25 an hour,"Caring, patient and passionate for teaching.
Strong communication skills with students.
Working on, or have completed a post-secondary degree from a recognized…",13 days ago
8,Finance Interns,new,Shaw Communications,"Toronto, ON",not being posted,"Shaw and Rogers are in the middle of the regulatory review process for the proposed integration of our two organizations.
Assist with tax audit responses.",1 day ago
9,"SENIOR ANALYST, FINANCE COMPLIANCE HOME-BASED","SENIOR ANALYST, FINANCE COMPLIANCE HOME-BASED",Allstate Canada,"Markham, ON•Remote",not being posted,"Coordinate and participate in the review of routine changes in Company processes and Enterprise Policies & Standards.
Proved track record of project management.",8 days ago
10,"Analyst, Finance","Analyst, Finance",BMO Financial Group,"Toronto, ON",not being posted,"Provides input into the planning and implementation of regulatory and management reporting programs.
Participates in the design, implementation and management…",13 days ago
11,Equity Research Associate,Equity Research Associate,Raymond James,"Toronto, ON",not being posted,Associates play a critical role assisting in all tasks required for the Equity Research Analyst to stay abreast of market events with the end-goal of providing…,8 days ago
12,Finance Officer,new,Canadian Urban Institute,"Toronto, ON•Temporarily Remote","$65,000 - $80,000 a year","5-7 years of finance, budgeting, and accounting experience are required.
Interest in building relationships and working collaboratively with team members and…",1 day ago
13,Freelance Finance Manager,new,Meta Beauty Management,"Toronto, ON•Remote",$20 an hour,"*Maintain organized filing system (physical / electronic)*.
*Provide insight and suggestions on process improvement and accounting efficiency*.",1 day ago
14,"Manager, Corporate Governance & Finance",new,Axxiome,"Toronto, ON•Remote","$120,000 a year",Knowledge of corporate governance and finance requirements applicable to privately owned companies with multiple grographic entities or sub-sidiaries.,Today
15,Banking Analyst – Expert Graduate Programme – 2022,Banking Analyst – Expert Graduate Programme – 2022,Barclays,"Toronto, ON",not being posted,"A strong interest in business and finance, though no specific major is required.
After several weeks of intensive training to start, you’ll join one of our…",30+ days ago
16,Finance: Winter Co-op Internship Opportunities,Finance: Winter Co-op Internship Opportunities,Microsoft,"Greater Toronto Area, ON",not being posted,"You will become a valued and integral member within your finance area.
You will work on a variety of projects that directly impact the business, such as…",30+ days ago
17,Finance Analyst (Contract),new,American Standard,"Mississauga, ON•Remote",not being posted,"Preference for degree in finance or accounting.
3-5 years experience in manufacturing finance.
Validating NPD month-end report that is prepared by the LI…",2 days ago
18,Finance Interns,new,Shaw Communications,"Toronto, ON",not being posted,"Shaw and Rogers are in the middle of the regulatory review process for the proposed integration of our two organizations.
Assist with tax audit responses.",1 day ago
19,Deductions Analyst - Finance Associate,new,PepsiCo,"Mississauga, ON",not being posted,This role is primarily responsible for processing valid deductions and working with the customer and/or post auditor to refute and resolve invalid claims.,7 days ago
20,"Analyst, Finance","Analyst, Finance",BMO Financial Group,"Toronto, ON",not being posted,"Provides input into the planning and implementation of regulatory and management reporting programs.
Participates in the design, implementation and management…",13 days ago
21,finance manager,finance manager,Goldenhome Cabinetry Eastern Canada Inc.,"Aurora, ON",$49.50 - $51.50 an hour,"Train, direct and motivate staff.
Plan and control budget and expenditures.
Oversee the collection and analysis of financial data.",14 days ago
22,"Director, FP&A",new,opentext,"Richmond Hill, ON",not being posted,"Ability to effectively interact, influence and collaborate with finance peers.
The position requires the ability to operate with a high degree of autonomy in…",1 day ago
23,Finance Officer,new,Canadian Urban Institute,"Toronto, ON•Temporarily Remote","$65,000 - $80,000 a year","5-7 years of finance, budgeting, and accounting experience are required.
Interest in building relationships and working collaboratively with team members and…",1 day ago
24,BUSINESS ANALYST CORPORATE FINANCE,new,City of Toronto,"Toronto, ON","$82,410 - $96,806 a year",Ensures effective and ongoing implementation of recommendations arising from Auditors' review of investment process.,6 days ago
25,Online Finance and Business Tutor,Online Finance and Business Tutor,Canada Online Tutoring Inc.,"Toronto, ON•Remote",$20 - $25 an hour,"Caring, patient and passionate for teaching.
Strong communication skills with students.
Working on, or have completed a post-secondary degree from a recognized…",13 days ago
26,"Director, Finance",new,AstraZeneca,"Mississauga, ON",not being posted,"Drive a mindset of continuous improvement and process excellence within the finance team.
You positively impact and influence others and quickly establish…",Just posted
27,Entry Level Banking Roles/No Experience Needed,new,Aston Carter,"Mississauga, ON",$17 an hour,"Avec plus de 60 bureaux en Europe, Asie et Amérique du Nord, Aston Carter offre une expertise locale, régionale et mondiale pour répondre aux besoins uniques de…",1 day ago
28,Finance Manager,new,PepsiCo,"Mississauga, ON",not being posted,"Bachelor's Degree (business, finance or accounting specialization preferred).
Utilize Brand & Revenue Management strategies & building blocks to develop fair…",7 days ago
29,Freelance Finance Manager,new,Meta Beauty Management,"Toronto, ON•Remote",$20 an hour,"*Maintain organized filing system (physical / electronic)*.
*Provide insight and suggestions on process improvement and accounting efficiency*.",1 day ago
30,Banking Analyst – Expert Graduate Programme – 2022,Banking Analyst – Expert Graduate Programme – 2022,Barclays,"Toronto, ON",not being posted,"Your role as a Banking analyst will provide you with the skills and experience needed for a successful career in the world of finance.
Join us as an analyst.",30+ days ago
31,Finance: Winter Co-op Internship Opportunities,Finance: Winter Co-op Internship Opportunities,Microsoft,"Greater Toronto Area, ON",not being posted,"You will become a valued and integral member within your finance area.
You will work on a variety of projects that directly impact the business, such as…",30+ days ago
32,Finance Analyst (Contract),new,American Standard,"Mississauga, ON•Remote",not being posted,"Preference for degree in finance or accounting.
3-5 years experience in manufacturing finance.
Validating NPD month-end report that is prepared by the LI…",2 days ago
33,Finance Interns,new,Shaw Communications,"Toronto, ON",not being posted,"What we do at Shaw matters - in a world where being connected has never been more critical, we bring the best wireline and wireless technology and solutions…",1 day ago
34,Deductions Analyst - Finance Associate,new,PepsiCo,"Mississauga, ON",not being posted,"On August 3 PepsiCo announced its intent to sell a majority stake of the juice business in the US and Canada to PAI, a leading European private equity firm.",7 days ago
35,"Analyst, Finance","Analyst, Finance",BMO Financial Group,"Toronto, ON",not being posted,"Provides input into the planning and implementation of regulatory and management reporting programs.
Participates in the design, implementation and management…",13 days ago
36,finance manager,finance manager,Goldenhome Cabinetry Eastern Canada Inc.,"Aurora, ON",$49.50 - $51.50 an hour,"Train, direct and motivate staff.
Plan and control budget and expenditures.
Oversee the collection and analysis of financial data.",14 days ago
37,"Director, FP&A",new,opentext,"Richmond Hill, ON",not being posted,"Ability to effectively interact, influence and collaborate with finance peers.
The position requires the ability to operate with a high degree of autonomy in…",1 day ago
38,Finance Officer,new,Canadian Urban Institute,"Toronto, ON•Temporarily Remote","$65,000 - $80,000 a year","5-7 years of finance, budgeting, and accounting experience are required.
We are the national platform that houses the best in Canadian city building – where…",1 day ago
39,BUSINESS ANALYST CORPORATE FINANCE,new,City of Toronto,"Toronto, ON","$82,410 - $96,806 a year","Ensures effective and ongoing implementation of recommendations arising from Auditors' review of investment process.
Number of Positions Open: 1.",6 days ago
40,Online Finance and Business Tutor,Online Finance and Business Tutor,Canada Online Tutoring Inc.,"Toronto, ON•Remote",$20 - $25 an hour,Canada Online Tutoring Inc. is a Canada-based tutoring company that offers professional private one-on-one tutoring services to students of all levels.,13 days ago
41,"Director, Finance",new,AstraZeneca,"Mississauga, ON",not being posted,"Drive a mindset of continuous improvement and process excellence within the finance team.
You positively impact and influence others and quickly establish…",Just posted
42,Finance Manager,new,PepsiCo,"Mississauga, ON",not being posted,"Bachelor's Degree (business, finance or accounting specialization preferred).
Ability to prioritize, excel in a fast-paced environment and work effectively in a…",7 days ago
43,Freelance Finance Manager,new,Meta Beauty Management,"Toronto, ON•Remote",$20 an hour,Meta Beauty Management is a Los Angeles based influencer marketing agency that allows influencers to own their audience and maintain strong relationships with…,1 day ago
44,"Analyst, Risk Advisory - Winter 2022 or Summer 2022 Co-op/In...","Analyst, Risk Advisory - Winter 2022 or Summer 2022 Co-op/In...",Deloitte,"Toronto, ON",not being posted,"Job Type: Co-op/Intern.
Primary Location: Multiple Locations, Canada.
All Available Locations: Halifax; Montreal; Ottawa; Quebec City; Saint John; St. John's;…",30+ days ago
45,Finance Analyst (Contract),new,American Standard,"Mississauga, ON•Remote",not being posted,"Preference for degree in finance or accounting.
3-5 years experience in manufacturing finance.
Validating NPD month-end report that is prepared by the LI…",2 days ago
46,Personal Banking Associate Trainee,new,TD Bank,"Toronto, ON",not being posted,"By understanding their needs and providing personalized financial solutions, our purpose is to help our customers and small businesses achieve their financial…",Today
47,"Financial Crimes Specialist, AML","Financial Crimes Specialist, AML",NorthOne,"Toronto, ON",not being posted,"We're rebuilding business banking from the ground up.
Imagine you could start with a clean slate and think of a different way to deliver banking to small…",8 days ago
48,Entry Level Banking Roles/No Experience Needed,new,Aston Carter,"Mississauga, ON",$17 an hour,"Avec plus de 60 bureaux en Europe, Asie et Amérique du Nord, Aston Carter offre une expertise locale, régionale et mondiale pour répondre aux besoins uniques de…",1 day ago
49,finance manager,finance manager,Goldenhome Cabinetry Eastern Canada Inc.,"Aurora, ON",$49.50 - $51.50 an hour,"Train, direct and motivate staff.
Plan and control budget and expenditures.
Oversee the collection and analysis of financial data.",14 days ago
50,Deductions Analyst - Finance Associate,new,PepsiCo,"Mississauga, ON",not being posted,This role is primarily responsible for processing valid deductions and working with the customer and/or post auditor to refute and resolve invalid claims.,7 days ago
51,financial analyst,financial analyst,2296433 ONTARIO INC o/a AMPLE FOOD MARKET,"Brampton, ON•Remote","$70,000 - $75,000 a year","Evaluate financial risk, prepare financial forecasts, financing scenarios and other documents concerning capital management.",30+ days ago
52,Customer Finance Co-op,new,Mondelēz International,"Toronto, ON",not being posted,"Knowledge of finance and accounting concepts including financial analysis and financial modelling.
Managing trade position for assigned Customer Business Teams.",Today
53,Contact Centre Investment Team,new,CIBC,"Toronto, ON•Remote",not being posted,"As a Mutual Funds Representative you will focus on providing an excellent client experience, by recognizing opportunities to promote CIBC investment products…",7 days ago
54,Director of Finance,Director of Finance,Grant Martin & Associates,"Toronto, ON",$120 - $130 an hour,"Implement process improvements relating to the finance team.
Overseeing and working through the Finance Department team;
Reconcile bank and investment accounts.",30+ days ago
55,"Analyst, Budgeting & Internal Reporting (Finance)",new,CBC/Radio-Canada,"Toronto, ON",not being posted,"Other finance and business support duties as required.
Provide accounting and finance guidance and support with purchasing and e-plaza ordering.",1 day ago
56,Banking Analyst – Expert Graduate Programme – 2022,Banking Analyst – Expert Graduate Programme – 2022,Barclays,"Toronto, ON",not being posted,"A strong interest in business and finance, though no specific major is required.
After several weeks of intensive training to start, you’ll join one of our…",30+ days ago
57,BUSINESS ANALYST CORPORATE FINANCE,new,City of Toronto,"Toronto, ON","$82,410 - $96,806 a year",Ensures effective and ongoing implementation of recommendations arising from Auditors' review of investment process.,6 days ago
58,"Project Financial Control Officer, OnCorr",new,Metrolinx,"Toronto, ON","$73,728 - $101,510 a year",Our GO Expansion OnCorr team is seeking a Project Finance Control Officer to provide financial planning and accounting in coordination with the Cost Controllers…,5 days ago
59,"Director, Administration & Finance",new,University of Toronto,"Toronto, ON","$105,411 - $175,685 a year","Proven leadership, team building and management skills.
Faculty/Division: Faculty of Applied Science & Engineering.
Knowledge of HR policies and practices.",5 days ago
60,"Analyst, Finance","Analyst, Finance",BMO Financial Group,"Toronto, ON",not being posted,"Provides input into the planning and implementation of regulatory and management reporting programs.
Participates in the design, implementation and management…",13 days ago
61,Equity Research Associate,Equity Research Associate,Raymond James,"Toronto, ON",not being posted,Associates play a critical role assisting in all tasks required for the Equity Research Analyst to stay abreast of market events with the end-goal of providing…,8 days ago
62,Finance Officer,new,Canadian Urban Institute,"Toronto, ON•Temporarily Remote","$65,000 - $80,000 a year","5-7 years of finance, budgeting, and accounting experience are required.
Interest in building relationships and working collaboratively with team members and…",1 day ago
63,Freelance Finance Manager,new,Meta Beauty Management,"Toronto, ON•Remote",$20 an hour,"*Maintain organized filing system (physical / electronic)*.
*Provide insight and suggestions on process improvement and accounting efficiency*.",1 day ago
64,Winter Term Finance Analyst Co-op,Winter Term Finance Analyst Co-op,TJX Canada,"Mississauga, ON",not being posted,"Merchandise discount for yourself and eligible family members at all TJX Canada stores.
Associate and Family Assistant Program to support healthy living.",12 days ago
65,Finance: Winter Co-op Internship Opportunities,Finance: Winter Co-op Internship Opportunities,Microsoft,"Greater Toronto Area, ON",not being posted,"You will become a valued and integral member within your finance area.
You will work on a variety of projects that directly impact the business, such as…",30+ days ago
66,Finance Analyst (Contract),new,American Standard,"Mississauga, ON•Remote",not being posted,"Preference for degree in finance or accounting.
3-5 years experience in manufacturing finance.
Validating NPD month-end report that is prepared by the LI…",2 days ago
67,Personal Banking Associate Trainee,new,TD Bank,"Toronto, ON",not being posted,"By understanding their needs and providing personalized financial solutions, our purpose is to help our customers and small businesses achieve their financial…",Today
68,"Financial Crimes Specialist, AML","Financial Crimes Specialist, AML",NorthOne,"Toronto, ON",not being posted,"We're rebuilding business banking from the ground up.
Imagine you could start with a clean slate and think of a different way to deliver banking to small…",8 days ago
69,finance manager,finance manager,Goldenhome Cabinetry Eastern Canada Inc.,"Aurora, ON",$49.50 - $51.50 an hour,"Train, direct and motivate staff.
Plan and control budget and expenditures.
Oversee the collection and analysis of financial data.",14 days ago
70,Deductions Analyst - Finance Associate,new,PepsiCo,"Mississauga, ON",not being posted,This role is primarily responsible for processing valid deductions and working with the customer and/or post auditor to refute and resolve invalid claims.,7 days ago
71,financial analyst,financial analyst,2296433 ONTARIO INC o/a AMPLE FOOD MARKET,"Brampton, ON•Remote","$70,000 - $75,000 a year","Evaluate financial risk, prepare financial forecasts, financing scenarios and other documents concerning capital management.",30+ days ago
72,Customer Finance Co-op,new,Mondelēz International,"Toronto, ON",not being posted,"Knowledge of finance and accounting concepts including financial analysis and financial modelling.
Managing trade position for assigned Customer Business Teams.",Today
73,Contact Centre Investment Team,new,CIBC,"Toronto, ON•Remote",not being posted,"As a Mutual Funds Representative you will focus on providing an excellent client experience, by recognizing opportunities to promote CIBC investment products…",7 days ago
74,Banking Finance Associate,new,Adecco Canada,"Toronto, ON•Remote",$20 an hour,"Recent graduates in finance / MBA students with previous relevant internships/co-ops are welcome to apply.
To qualify for this Banking Finance Associate, you…",Today
75,INVESTMENT ANALYST HOME-BASED,INVESTMENT ANALYST HOME-BASED,Allstate Canada,"Markham, ON•Remote",not being posted,Run various reports and analyze investment statements to record journal entries (including management fee accruals) and ensure all investment information is…,14 days ago
76,Sales and Finance Manager,new,Throttle Powersports,"Cornwall, ON","$70,000 - $110,000 a year","Assist customer through the sales process including vehicle selection and financing.
Sell accessories and F&I products such as extended warranty.",1 day ago
77,Finance and Insurance Manager,new,Searles Motor Products Limited,"Ingersoll, ON","$90,000 - $150,000 a year","Establish and maintain strong and professional relationships with all financial institutions, manufacturer finance centres and third-party vendors.",7 days ago
78,Finance: Winter Co-op Internship Opportunities,Finance: Winter Co-op Internship Opportunities,Microsoft,"Greater Toronto Area, ON",not being posted,"You will become a valued and integral member within your finance area.
You will work on a variety of projects that directly impact the business, such as…",30+ days ago
79,Finance Analyst (Contract),new,American Standard,"Mississauga, ON•Remote",not being posted,"Preference for degree in finance or accounting.
3-5 years experience in manufacturing finance.
Validating NPD month-end report that is prepared by the LI…",2 days ago
80,Personal Banking Associate Trainee,new,TD Bank,"Toronto, ON",not being posted,"By understanding their needs and providing personalized financial solutions, our purpose is to help our customers and small businesses achieve their financial…",Today
81,"Financial Crimes Specialist, AML","Financial Crimes Specialist, AML",NorthOne,"Toronto, ON",not being posted,"We're rebuilding business banking from the ground up.
Imagine you could start with a clean slate and think of a different way to deliver banking to small…",8 days ago
82,"Junior Analyst, Finance",new,Bridgepoint Active Healthcare,"Toronto, ON",not being posted,"The Junior Analyst will support Finance Leadership and our Senior Analysts with report generation, variance analysis, and the identification and implementation…",5 days ago
83,finance manager,finance manager,Goldenhome Cabinetry Eastern Canada Inc.,"Aurora, ON",$49.50 - $51.50 an hour,"Train, direct and motivate staff.
Plan and control budget and expenditures.
Oversee the collection and analysis of financial data.",14 days ago
84,Deductions Analyst - Finance Associate,new,PepsiCo,"Mississauga, ON",not being posted,This role is primarily responsible for processing valid deductions and working with the customer and/or post auditor to refute and resolve invalid claims.,7 days ago
85,financial analyst,financial analyst,2296433 ONTARIO INC o/a AMPLE FOOD MARKET,"Brampton, ON•Remote","$70,000 - $75,000 a year","Evaluate financial risk, prepare financial forecasts, financing scenarios and other documents concerning capital management.",30+ days ago
86,Contact Centre Investment Team,new,CIBC,"Toronto, ON•Remote",not being posted,"As a Mutual Funds Representative you will focus on providing an excellent client experience, by recognizing opportunities to promote CIBC investment products…",7 days ago
87,Customer Finance Co-op,new,Mondelēz International,"Toronto, ON",not being posted,"Knowledge of finance and accounting concepts including financial analysis and financial modelling.
Managing trade position for assigned Customer Business Teams.",Today
88,Associate Director of Finance,new,Real Fruit Bubble Tea Inc.,"Markham, ON","$80,000 - $110,000 a year","Bachelor’s degree in accounting, finance, business, or related field.
Exceptional knowledge of finance, accounting, budgeting, cost accounting and cost control…",Today
89,Financial Accountant,Financial Accountant,Laser Clinics Canada,"Toronto, ON•Remote","$90,000 a year","Supporting GM in setting up core finance processes with market entry of Laser Clinics in Canada.
This role plays a crucial part in ensuring the day-to-day…",15 days ago
90,Associate Investment Advisor,Associate Investment Advisor,iA Private Wealth inc.,"Toronto, ON","$50,000 - $80,000 a year","The focus of this position is on Marketing support and backup to Admin. support.
This is a full-time position with a base salary range of $50,000-$80,000 plus…",30+ days ago
91,Finance Analyst (Contract),new,American Standard,"Mississauga, ON•Remote",not being posted,"Preference for degree in finance or accounting.
3-5 years experience in manufacturing finance.
Validating NPD month-end report that is prepared by the LI…",2 days ago
92,Finance Interns,new,Shaw Communications,"Toronto, ON",not being posted,"Shaw and Rogers are in the middle of the regulatory review process for the proposed integration of our two organizations.
Assist with tax audit responses.",1 day ago
93,Deductions Analyst - Finance Associate,new,PepsiCo,"Mississauga, ON",not being posted,This role is primarily responsible for processing valid deductions and working with the customer and/or post auditor to refute and resolve invalid claims.,7 days ago
94,"Analyst, Finance","Analyst, Finance",BMO Financial Group,"Toronto, ON",not being posted,"Provides input into the planning and implementation of regulatory and management reporting programs.
Participates in the design, implementation and management…",13 days ago
95,finance manager,finance manager,Goldenhome Cabinetry Eastern Canada Inc.,"Aurora, ON",$49.50 - $51.50 an hour,"Train, direct and motivate staff.
Plan and control budget and expenditures.
Oversee the collection and analysis of financial data.",14 days ago
96,"Director, FP&A",new,opentext,"Richmond Hill, ON",not being posted,"Ability to effectively interact, influence and collaborate with finance peers.
The position requires the ability to operate with a high degree of autonomy in…",1 day ago
97,Finance Officer,new,Canadian Urban Institute,"Toronto, ON•Temporarily Remote","$65,000 - $80,000 a year","5-7 years of finance, budgeting, and accounting experience are required.
Interest in building relationships and working collaboratively with team members and…",1 day ago
98,BUSINESS ANALYST CORPORATE FINANCE,new,City of Toronto,"Toronto, ON","$82,410 - $96,806 a year",Ensures effective and ongoing implementation of recommendations arising from Auditors' review of investment process.,6 days ago
99,Online Finance and Business Tutor,Online Finance and Business Tutor,Canada Online Tutoring Inc.,"Toronto, ON•Remote",$20 - $25 an hour,"Caring, patient and passionate for teaching.
Strong communication skills with students.
Working on, or have completed a post-secondary degree from a recognized…",13 days ago
100,"Director, Finance",new,AstraZeneca,"Mississauga, ON",not being posted,"Drive a mindset of continuous improvement and process excellence within the finance team.
You positively impact and influence others and quickly establish…",Just posted
101,Finance Manager,new,PepsiCo,"Mississauga, ON",not being posted,"Bachelor's Degree (business, finance or accounting specialization preferred).
Utilize Brand & Revenue Management strategies & building blocks to develop fair…",7 days ago
102,Freelance Finance Manager,new,Meta Beauty Management,"Toronto, ON•Remote",$20 an hour,"*Maintain organized filing system (physical / electronic)*.
*Provide insight and suggestions on process improvement and accounting efficiency*.",1 day ago
103,"Analyst, Risk Advisory - Winter 2022 or Summer 2022 Co-op/In...","Analyst, Risk Advisory - Winter 2022 or Summer 2022 Co-op/In...",Deloitte,"Toronto, ON",not being posted,The availability of advisory streams and service offerings is dependent on individual business needs and differs per regional office.,30+ days ago
104,Financial Advisor/Personal Financial Services - Trainee,new,TD Bank,"Toronto, ON+8 locations",not being posted,"By understanding their needs and providing personalized financial solutions, our purpose is to help our customers and small businesses achieve their financial…",1 day ago
105,financial analyst,financial analyst,2296433 ONTARIO INC o/a AMPLE FOOD MARKET,"Brampton, ON•Remote","$70,000 - $75,000 a year","Evaluate financial risk, prepare financial forecasts, financing scenarios and other documents concerning capital management.",30+ days ago
106,Finance Interns,new,Shaw Communications,"Toronto, ON",not being posted,"Shaw and Rogers are in the middle of the regulatory review process for the proposed integration of our two organizations.
Assist with tax audit responses.",1 day ago
107,Entry Level Banking Roles/No Experience Needed,new,Aston Carter,"Mississauga, ON",$17 an hour,"Avec plus de 60 bureaux en Europe, Asie et Amérique du Nord, Aston Carter offre une expertise locale, régionale et mondiale pour répondre aux besoins uniques de…",1 day ago
108,"Analyst, Finance","Analyst, Finance",BMO Financial Group,"Toronto, ON",not being posted,"Provides input into the planning and implementation of regulatory and management reporting programs.
Participates in the design, implementation and management…",13 days ago
109,Equity Research Associate,Equity Research Associate,Raymond James,"Toronto, ON",not being posted,Associates play a critical role assisting in all tasks required for the Equity Research Analyst to stay abreast of market events with the end-goal of providing…,8 days ago
110,Finance Officer,new,Canadian Urban Institute,"Toronto, ON•Temporarily Remote","$65,000 - $80,000 a year","5-7 years of finance, budgeting, and accounting experience are required.
Interest in building relationships and working collaboratively with team members and…",1 day ago
111,Freelance Finance Manager,new,Meta Beauty Management,"Toronto, ON•Remote",$20 an hour,"*Maintain organized filing system (physical / electronic)*.
*Provide insight and suggestions on process improvement and accounting efficiency*.",1 day ago
112,Winter Term Finance Analyst Co-op,Winter Term Finance Analyst Co-op,TJX Canada,"Mississauga, ON",not being posted,"Merchandise discount for yourself and eligible family members at all TJX Canada stores.
Associate and Family Assistant Program to support healthy living.",12 days ago
113,Finance: Winter Co-op Internship Opportunities,Finance: Winter Co-op Internship Opportunities,Microsoft,"Greater Toronto Area, ON",not being posted,"You will become a valued and integral member within your finance area.
You will work on a variety of projects that directly impact the business, such as…",30+ days ago
114,Finance Analyst (Contract),new,American Standard,"Mississauga, ON•Remote",not being posted,"Preference for degree in finance or accounting.
3-5 years experience in manufacturing finance.
Validating NPD month-end report that is prepared by the LI…",2 days ago
115,Personal Banking Associate Trainee,new,TD Bank,"Toronto, ON",not being posted,"By understanding their needs and providing personalized financial solutions, our purpose is to help our customers and small businesses achieve their financial…",Today
116,"Financial Crimes Specialist, AML","Financial Crimes Specialist, AML",NorthOne,"Toronto, ON",not being posted,"We're rebuilding business banking from the ground up.
Imagine you could start with a clean slate and think of a different way to deliver banking to small…",8 days ago
117,finance manager,finance manager,Goldenhome Cabinetry Eastern Canada Inc.,"Aurora, ON",$49.50 - $51.50 an hour,"Train, direct and motivate staff.
Plan and control budget and expenditures.
Oversee the collection and analysis of financial data.",14 days ago
118,Deductions Analyst - Finance Associate,new,PepsiCo,"Mississauga, ON",not being posted,This role is primarily responsible for processing valid deductions and working with the customer and/or post auditor to refute and resolve invalid claims.,7 days ago
119,financial analyst,financial analyst,2296433 ONTARIO INC o/a AMPLE FOOD MARKET,"Brampton, ON•Remote","$70,000 - $75,000 a year","Evaluate financial risk, prepare financial forecasts, financing scenarios and other documents concerning capital management.",30+ days ago
120,Customer Finance Co-op,new,Mondelēz International,"Toronto, ON",not being posted,"Knowledge of finance and accounting concepts including financial analysis and financial modelling.
Managing trade position for assigned Customer Business Teams.",Today
121,Finance Interns,new,Shaw Communications,"Toronto, ON",not being posted,"Shaw and Rogers are in the middle of the regulatory review process for the proposed integration of our two organizations.
Assist with tax audit responses.",1 day ago
122,Deductions Analyst - Finance Associate,new,PepsiCo,"Mississauga, ON",not being posted,This role is primarily responsible for processing valid deductions and working with the customer and/or post auditor to refute and resolve invalid claims.,7 days ago
123,"Analyst, Finance","Analyst, Finance",BMO Financial Group,"Toronto, ON",not being posted,"Provides input into the planning and implementation of regulatory and management reporting programs.
Participates in the design, implementation and management…",13 days ago
124,finance manager,finance manager,Goldenhome Cabinetry Eastern Canada Inc.,"Aurora, ON",$49.50 - $51.50 an hour,"Train, direct and motivate staff.
Plan and control budget and expenditures.
Oversee the collection and analysis of financial data.",14 days ago
125,"Director, FP&A",new,opentext,"Richmond Hill, ON",not being posted,"Ability to effectively interact, influence and collaborate with finance peers.
The position requires the ability to operate with a high degree of autonomy in…",1 day ago
126,"Finance Manager, Capital Project","Finance Manager, Capital Project",Lafarge Canada Inc,"Mississauga, ON",not being posted,"Provide finance support for ad-hoc requests.
This role supports the project manager, plant manager and all related project support functions with finance…",12 days ago
127,Finance Officer,new,Canadian Urban Institute,"Toronto, ON•Temporarily Remote","$65,000 - $80,000 a year","5-7 years of finance, budgeting, and accounting experience are required.
Interest in building relationships and working collaboratively with team members and…",1 day ago
128,BUSINESS ANALYST CORPORATE FINANCE,new,City of Toronto,"Toronto, ON","$82,410 - $96,806 a year",Ensures effective and ongoing implementation of recommendations arising from Auditors' review of investment process.,6 days ago
129,Online Finance and Business Tutor,Online Finance and Business Tutor,Canada Online Tutoring Inc.,"Toronto, ON•Remote",$20 - $25 an hour,"Caring, patient and passionate for teaching.
Strong communication skills with students.
Working on, or have completed a post-secondary degree from a recognized…",13 days ago
130,"Director, Finance",new,AstraZeneca,"Mississauga, ON",not being posted,"Drive a mindset of continuous improvement and process excellence within the finance team.
You positively impact and influence others and quickly establish…",Just posted
131,Investment Analyst,Investment Analyst,Sixty Degree Capital,"Toronto, ON•Temporarily Remote",not being posted,"Develop a deep understanding of our investment focus, our platform, the venture industry, and our mission;
Be the primary source of support to the investment…",30+ days ago
132,Assistant Controller,new,Brawn Bros. heating and cooling,"Toronto, ON","$75,000 - $80,000 a year","Sanitize hands and wear a mask upon entry of the building.
JOB PREFERENCES AND REQUIREMENTS * CPA Certification * 2-5 years of accounting/finance background,…",2 days ago
133,Finance Manager,new,PepsiCo,"Mississauga, ON",not being posted,"Bachelor's Degree (business, finance or accounting specialization preferred).
Utilize Brand & Revenue Management strategies & building blocks to develop fair…",7 days ago
134,Freelance Finance Manager,new,Meta Beauty Management,"Toronto, ON•Remote",$20 an hour,"*Maintain organized filing system (physical / electronic)*.
*Provide insight and suggestions on process improvement and accounting efficiency*.",1 day ago
135,"Analyst, Risk Advisory - Winter 2022 or Summer 2022 Co-op/In...","Analyst, Risk Advisory - Winter 2022 or Summer 2022 Co-op/In...",Deloitte,"Toronto, ON",not being posted,The availability of advisory streams and service offerings is dependent on individual business needs and differs per regional office.,30+ days ago
136,Finance Analyst (Contract),new,American Standard,"Mississauga, ON•Remote",not being posted,"Preference for degree in finance or accounting.
3-5 years experience in manufacturing finance.
Validating NPD month-end report that is prepared by the LI…",2 days ago
137,Finance Interns,new,Shaw Communications,"Toronto, ON",not being posted,"Shaw and Rogers are in the middle of the regulatory review process for the proposed integration of our two organizations.
Assist with tax audit responses.",1 day ago
138,Deductions Analyst - Finance Associate,new,PepsiCo,"Mississauga, ON",not being posted,This role is primarily responsible for processing valid deductions and working with the customer and/or post auditor to refute and resolve invalid claims.,7 days ago
139,"Analyst, Finance","Analyst, Finance",BMO Financial Group,"Toronto, ON",not being posted,"Provides input into the planning and implementation of regulatory and management reporting programs.
Participates in the design, implementation and management…",13 days ago
140,finance manager,finance manager,Goldenhome Cabinetry Eastern Canada Inc.,"Aurora, ON",$49.50 - $51.50 an hour,"Train, direct and motivate staff.
Plan and control budget and expenditures.
Oversee the collection and analysis of financial data.",14 days ago
141,"Director, FP&A",new,opentext,"Richmond Hill, ON",not being posted,"Ability to effectively interact, influence and collaborate with finance peers.
The position requires the ability to operate with a high degree of autonomy in…",1 day ago
142,Finance Officer,new,Canadian Urban Institute,"Toronto, ON•Temporarily Remote","$65,000 - $80,000 a year","5-7 years of finance, budgeting, and accounting experience are required.
Interest in building relationships and working collaboratively with team members and…",1 day ago
143,BUSINESS ANALYST CORPORATE FINANCE,new,City of Toronto,"Toronto, ON","$82,410 - $96,806 a year",Ensures effective and ongoing implementation of recommendations arising from Auditors' review of investment process.,6 days ago
144,Online Finance and Business Tutor,Online Finance and Business Tutor,Canada Online Tutoring Inc.,"Toronto, ON•Remote",$20 - $25 an hour,"Caring, patient and passionate for teaching.
Strong communication skills with students.
Working on, or have completed a post-secondary degree from a recognized…",13 days ago
145,Entry Level Banking Roles/No Experience Needed,new,Aston Carter,"Mississauga, ON",$17 an hour,"Avec plus de 60 bureaux en Europe, Asie et Amérique du Nord, Aston Carter offre une expertise locale, régionale et mondiale pour répondre aux besoins uniques de…",1 day ago
146,"Director, Finance",new,AstraZeneca,"Mississauga, ON",not being posted,"Drive a mindset of continuous improvement and process excellence within the finance team.
You positively impact and influence others and quickly establish…",Just posted
147,Finance Manager,new,PepsiCo,"Mississauga, ON",not being posted,"Bachelor's Degree (business, finance or accounting specialization preferred).
Utilize Brand & Revenue Management strategies & building blocks to develop fair…",7 days ago
148,Freelance Finance Manager,new,Meta Beauty Management,"Toronto, ON•Remote",$20 an hour,"*Maintain organized filing system (physical / electronic)*.
*Provide insight and suggestions on process improvement and accounting efficiency*.",1 day ago
149,"Analyst, Risk Advisory - Winter 2022 or Summer 2022 Co-op/In...","Analyst, Risk Advisory - Winter 2022 or Summer 2022 Co-op/In...",Deloitte,"Toronto, ON",not being posted,The availability of advisory streams and service offerings is dependent on individual business needs and differs per regional office.,30+ days ago
150,Financial Advisor/Personal Financial Services - Trainee,new,TD Bank,"Toronto, ON+8 locations",not being posted,"By understanding their needs and providing personalized financial solutions, our purpose is to help our customers and small businesses achieve their financial…",1 day ago
151,Deductions Analyst - Finance Associate,new,PepsiCo,"Mississauga, ON",not being posted,This role is primarily responsible for processing valid deductions and working with the customer and/or post auditor to refute and resolve invalid claims.,7 days ago
152,"Analyst, Finance","Analyst, Finance",BMO Financial Group,"Toronto, ON",not being posted,"Provides input into the planning and implementation of regulatory and management reporting programs.
Participates in the design, implementation and management…",13 days ago
153,Entry Level Banking Roles/No Experience Needed,new,Aston Carter,"Mississauga, ON",$17 an hour,"Avec plus de 60 bureaux en Europe, Asie et Amérique du Nord, Aston Carter offre une expertise locale, régionale et mondiale pour répondre aux besoins uniques de…",1 day ago
154,finance manager,finance manager,Goldenhome Cabinetry Eastern Canada Inc.,"Aurora, ON",$49.50 - $51.50 an hour,"Train, direct and motivate staff.
Plan and control budget and expenditures.
Oversee the collection and analysis of financial data.",14 days ago
155,"Director, FP&A",new,opentext,"Richmond Hill, ON",not being posted,"Ability to effectively interact, influence and collaborate with finance peers.
The position requires the ability to operate with a high degree of autonomy in…",1 day ago
156,Finance Officer,new,Canadian Urban Institute,"Toronto, ON•Temporarily Remote","$65,000 - $80,000 a year","5-7 years of finance, budgeting, and accounting experience are required.
Interest in building relationships and working collaboratively with team members and…",1 day ago
157,BUSINESS ANALYST CORPORATE FINANCE,new,City of Toronto,"Toronto, ON","$82,410 - $96,806 a year",Ensures effective and ongoing implementation of recommendations arising from Auditors' review of investment process.,6 days ago
158,Online Finance and Business Tutor,Online Finance and Business Tutor,Canada Online Tutoring Inc.,"Toronto, ON•Remote",$20 - $25 an hour,"Caring, patient and passionate for teaching.
Strong communication skills with students.
Working on, or have completed a post-secondary degree from a recognized…",13 days ago
159,"Director, Finance",new,AstraZeneca,"Mississauga, ON",not being posted,"Drive a mindset of continuous improvement and process excellence within the finance team.
You positively impact and influence others and quickly establish…",Just posted
160,Finance Manager,new,PepsiCo,"Mississauga, ON",not being posted,"Bachelor's Degree (business, finance or accounting specialization preferred).
Utilize Brand & Revenue Management strategies & building blocks to develop fair…",7 days ago
161,Freelance Finance Manager,new,Meta Beauty Management,"Toronto, ON•Remote",$20 an hour,"*Maintain organized filing system (physical / electronic)*.
*Provide insight and suggestions on process improvement and accounting efficiency*.",1 day ago
162,"Analyst, Risk Advisory - Winter 2022 or Summer 2022 Co-op/In...","Analyst, Risk Advisory - Winter 2022 or Summer 2022 Co-op/In...",Deloitte,"Toronto, ON",not being posted,The availability of advisory streams and service offerings is dependent on individual business needs and differs per regional office.,30+ days ago
163,Financial Advisor/Personal Financial Services - Trainee,new,TD Bank,"Toronto, ON+8 locations",not being posted,"By understanding their needs and providing personalized financial solutions, our purpose is to help our customers and small businesses achieve their financial…",1 day ago
164,financial analyst,financial analyst,2296433 ONTARIO INC o/a AMPLE FOOD MARKET,"Brampton, ON•Remote","$70,000 - $75,000 a year","Evaluate financial risk, prepare financial forecasts, financing scenarios and other documents concerning capital management.",30+ days ago
165,Financial Customer Service Representative (Job Fair) Friday...,new,Pay2Day,"Milton, ON",$15 - $16 an hour,"Customer focused; Check us out on Google and Trust Pilot.
Flexibility; Our Stores are open 7 days a week with varying hours.",1 day ago
166,Contact Centre Investment Team,new,CIBC,"Toronto, ON•Remote",not being posted,"As a Mutual Funds Representative you will focus on providing an excellent client experience, by recognizing opportunities to promote CIBC investment products…",7 days ago
167,Director of Finance,Director of Finance,Grant Martin & Associates,"Toronto, ON",$120 - $130 an hour,"Implement process improvements relating to the finance team.
Overseeing and working through the Finance Department team;
Reconcile bank and investment accounts.",30+ days ago
168,"Analyst, Budgeting & Internal Reporting (Finance)",new,CBC/Radio-Canada,"Toronto, ON",not being posted,"Other finance and business support duties as required.
Provide accounting and finance guidance and support with purchasing and e-plaza ordering.",1 day ago
169,Banking Analyst – Expert Graduate Programme – 2022,Banking Analyst – Expert Graduate Programme – 2022,Barclays,"Toronto, ON",not being posted,"A strong interest in business and finance, though no specific major is required.
After several weeks of intensive training to start, you’ll join one of our…",30+ days ago
170,BUSINESS ANALYST CORPORATE FINANCE,new,City of Toronto,"Toronto, ON","$82,410 - $96,806 a year",Ensures effective and ongoing implementation of recommendations arising from Auditors' review of investment process.,6 days ago
171,"Project Financial Control Officer, OnCorr",new,Metrolinx,"Toronto, ON","$73,728 - $101,510 a year",Our GO Expansion OnCorr team is seeking a Project Finance Control Officer to provide financial planning and accounting in coordination with the Cost Controllers…,5 days ago
172,"Director, Administration & Finance",new,University of Toronto,"Toronto, ON","$105,411 - $175,685 a year","Proven leadership, team building and management skills.
Faculty/Division: Faculty of Applied Science & Engineering.
Knowledge of HR policies and practices.",5 days ago
173,Financial Services Associate,new,CIBC,"Mississauga, ON+2 locations",not being posted,"As a member of the Personal and Business Banking Team, you’ll partner with Financial Advisors to help high value clients secure their futures and set up their…",5 days ago
174,"Director, Financial Planning & Analysis","Director, Financial Planning & Analysis",Metrolinx,"Toronto, ON","$141,998 - $203,766 a year","Knowledge of the principles of accountability and risk management, along with key performance measurement methodologies, practices and techniques to lead the…",10 days ago
175,"Manager, Finance",new,TD Bank,"Toronto, ON",not being posted,"Conducts and/or manages the finance process as it applies to area of responsibility.
Participate in special projects as assigned to provide financial advice and…",1 day ago
176,"Finance/Audit Student, Winter 2022","Finance/Audit Student, Winter 2022",Canadian Tire,"Toronto, ON",not being posted,"The Internal Audit analyst will be involved in audit engagements/projects, which will provide the student with the opportunity to understand how the business…",30+ days ago
177,Senior Finance Analyst,new,TD Bank,"Toronto, ON",not being posted,"Develop and maintain good relationships with key business / finance partners and other stakeholders and effectively.
Participate in ad-hoc projects as required.",2 days ago
178,Credit Analyst (Remote),Credit Analyst (Remote),Canada Drives,"Toronto, ON•Remote","$37,500 - $45,000 a year","As the Credit Analyst, you will be securing financing for consumer vehicle applications.
Carefully analyzing a customer's credit report while taking note of…",8 days ago
179,Finance Clerk,Finance Clerk,Lee Valley Tools,"Ottawa, ON",not being posted,"Lee Valley Tools enjoys a proud 40-year history of providing high-quality woodworking, gardening, hobby, hardware, gift and seasonal merchandise to customers…",8 days ago
180,Finance Analyst - Customer Finance,new,PepsiCo,"Mississauga, ON",not being posted,"Support the design and implementation of post gaming tools, to assess ROI of PepsiCo investments, and highlight areas of opportunity.",7 days ago
181,Banking Finance Associate,new,Adecco Canada,"Toronto, ON•Remote",$20 an hour,"Recent graduates in finance / MBA students with previous relevant internships/co-ops are welcome to apply.
To qualify for this Banking Finance Associate, you…",Today
182,Financial Services Associate,new,CIBC,"Mississauga, ON+2 locations",not being posted,"As a member of the Personal and Business Banking Team, you’ll partner with Financial Advisors to help high value clients secure their futures and set up their…",5 days ago
183,"Director, Financial Planning & Analysis","Director, Financial Planning & Analysis",Metrolinx,"Toronto, ON","$141,998 - $203,766 a year","Knowledge of the principles of accountability and risk management, along with key performance measurement methodologies, practices and techniques to lead the…",10 days ago
184,"Manager, Finance",new,TD Bank,"Toronto, ON",not being posted,"Conducts and/or manages the finance process as it applies to area of responsibility.
Participate in special projects as assigned to provide financial advice and…",1 day ago
185,"Finance/Audit Student, Winter 2022","Finance/Audit Student, Winter 2022",Canadian Tire,"Toronto, ON",not being posted,"The Internal Audit analyst will be involved in audit engagements/projects, which will provide the student with the opportunity to understand how the business…",30+ days ago
186,Senior Finance Analyst,new,TD Bank,"Toronto, ON",not being posted,"Develop and maintain good relationships with key business / finance partners and other stakeholders and effectively.
Participate in ad-hoc projects as required.",2 days ago
187,Credit Analyst (Remote),Credit Analyst (Remote),Canada Drives,"Toronto, ON•Remote","$37,500 - $45,000 a year","As the Credit Analyst, you will be securing financing for consumer vehicle applications.
Carefully analyzing a customer's credit report while taking note of…",8 days ago
188,Finance Clerk,Finance Clerk,Lee Valley Tools,"Ottawa, ON",not being posted,"Lee Valley Tools enjoys a proud 40-year history of providing high-quality woodworking, gardening, hobby, hardware, gift and seasonal merchandise to customers…",8 days ago
189,Finance Analyst - Customer Finance,new,PepsiCo,"Mississauga, ON",not being posted,"Support the design and implementation of post gaming tools, to assess ROI of PepsiCo investments, and highlight areas of opportunity.",7 days ago
190,Financial Advisor/Personal Financial Services - Trainee,new,TD Bank,"Toronto, ON+8 locations",not being posted,"By understanding their needs and providing personalized financial solutions, our purpose is to help our customers and small businesses achieve their financial…",1 day ago
191,"Director, Finance",new,AstraZeneca,"Mississauga, ON",not being posted,"Drive a mindset of continuous improvement and process excellence within the finance team.
You positively impact and influence others and quickly establish…",Just posted
192,"Analyst, Partner Planning (Finance & Revenue)",new,Points,"Toronto, ON",not being posted,"We're looking for a strategic and results-oriented Analyst, Partner Planning to work closely with internal stakeholders to help manage the growth and ensure the…",1 day ago
193,"Associate-Structured Finance Ratings, U.S. RMBS","Associate-Structured Finance Ratings, U.S. RMBS",S&P Global,"Toronto, ON","$82,600 - $140,100 a year","In addition, the Associate will be responsible for aggregating data and information to be used to present to rating committees.
2+ of relevant work experience.",15 days ago
194,Investment Associate,new,National Bank of Canada,"Toronto, ON",not being posted,"This position reports to the Regional Manager.
Support Investment Advisors in providing superior customer service and be available to answer client requests in…",5 days ago
195,Director of Finance and Operations,new,Moskowitz Capital,"Toronto, ON•Remote",not being posted,"The successful candidate will have an extraordinary moral compass, CPA, CA or CMA and will work with a small group of high performing professionals.",3 days ago
196,Finance Working Student (Remote Option),Finance Working Student (Remote Option),WOW Tech Group,Ontario•Remote,not being posted,"You will help us to expand our finance, controlling and accounting infrastructure, especially in the areas of process automation and digitalization.",15 days ago
197,Financial Analyst,new,York Region,"Newmarket, ON",$44.63 - $48.51 an hour,Assists in the development and implementation of new financial management reports for the Branch to provide the necessary tools and information to the…,1 day ago
198,Investment Associate,new,National Bank of Canada,"Toronto, ON",not being posted,"This position reports to the Regional Manager.
Support Investment Advisors in providing superior customer service and be available to answer client requests in…",5 days ago
199,Entry Level Banking Roles/No Experience Needed,new,Aston Carter,"Mississauga, ON",$17 an hour,"Avec plus de 60 bureaux en Europe, Asie et Amérique du Nord, Aston Carter offre une expertise locale, régionale et mondiale pour répondre aux besoins uniques de…",1 day ago
200,Credit Analyst (Remote),Credit Analyst (Remote),Canada Drives,"Toronto, ON•Remote","$37,500 - $45,000 a year","As the Credit Analyst, you will be securing financing for consumer vehicle applications.
Carefully analyzing a customer's credit report while taking note of…",8 days ago
201,Finance Manager - Reporting & Controls,new,PepsiCo,"Mississauga, ON",not being posted,"The Financial Reporting, Associate Manger, contributes to the Juice joint venture’s success by acting as an integral part of the Finance team to deliver…",7 days ago
202,Contact Centre Investment Team,new,CIBC,"Toronto, ON•Remote",not being posted,"As a Mutual Funds Representative you will focus on providing an excellent client experience, by recognizing opportunities to promote CIBC investment products…",7 days ago
203,"Manager, FP&A and Reporting",new,Metrolinx,"Toronto, ON","$109,701 - $152,070 a year","The Manager will be responsible for leading and managing implementation of plans, goals, objectives, and policies aligned with the overall long term strategy…",Today
204,"Financial Crimes Specialist, AML","Financial Crimes Specialist, AML",NorthOne,"Toronto, ON",not being posted,"We're rebuilding business banking from the ground up.
Imagine you could start with a clean slate and think of a different way to deliver banking to small…",8 days ago
205,"Project Financial Control Officer, OnCorr",new,Metrolinx,"Toronto, ON","$73,728 - $101,510 a year",Our GO Expansion OnCorr team is seeking a Project Finance Control Officer to provide financial planning and accounting in coordination with the Cost Controllers…,5 days ago
206,Financial Analyst,new,Oxford Properties,"Toronto, ON",not being posted,"For this portfolio, you will be accountable for a diverse set of activities, including full cycle accounting and reporting, real estate performance analysis,…",2 days ago
207,Customer Finance Co-op,new,Mondelēz International,"Toronto, ON",not being posted,"Knowledge of finance and accounting concepts including financial analysis and financial modelling.
Managing trade position for assigned Customer Business Teams.",Today
208,"Manager, Finance",new,TD Bank,"Toronto, ON",not being posted,"Conducts and/or manages the finance process as it applies to area of responsibility.
Participate in special projects as assigned to provide financial advice and…",1 day ago
209,finance manager,new,LINDBERG HOMBURGER MODENT DENTAL STUDIOS LTD,"Toronto, ON",$50 an hour,"Train, direct and motivate staff.
Plan and control budget and expenditures.
Health care institution, facility or clinic.
Oversee the preparation of reports.",1 day ago
210,Dynamics365 Finance Consultant,new,The Principal TAG,"Mississauga, ON",$60 an hour,"Senior Dynamics365 finance consultant with 8-10 years of experience.
Looking for a Dynamics365 finance consultant to test integrations between their lending…",Just posted
211,Finance Working Student (Remote Option),Finance Working Student (Remote Option),WOW Tech Group,Ontario•Remote,not being posted,"You will help us to expand our finance, controlling and accounting infrastructure, especially in the areas of process automation and digitalization.",15 days ago
212,Financial Analyst,new,York Region,"Newmarket, ON",$44.63 - $48.51 an hour,Assists in the development and implementation of new financial management reports for the Branch to provide the necessary tools and information to the…,1 day ago
213,Investment Associate,new,National Bank of Canada,"Toronto, ON",not being posted,"This position reports to the Regional Manager.
Support Investment Advisors in providing superior customer service and be available to answer client requests in…",5 days ago
214,Credit Analyst (Remote),Credit Analyst (Remote),Canada Drives,"Toronto, ON•Remote","$37,500 - $45,000 a year","As the Credit Analyst, you will be securing financing for consumer vehicle applications.
Carefully analyzing a customer's credit report while taking note of…",8 days ago
215,Finance Manager - Reporting & Controls,new,PepsiCo,"Mississauga, ON",not being posted,"The Financial Reporting, Associate Manger, contributes to the Juice joint venture’s success by acting as an integral part of the Finance team to deliver…",7 days ago
216,Entry Level Banking Roles/No Experience Needed,new,Aston Carter,"Mississauga, ON",$17 an hour,"Avec plus de 60 bureaux en Europe, Asie et Amérique du Nord, Aston Carter offre une expertise locale, régionale et mondiale pour répondre aux besoins uniques de…",1 day ago
217,Contact Centre Investment Team,new,CIBC,"Toronto, ON•Remote",not being posted,"As a Mutual Funds Representative you will focus on providing an excellent client experience, by recognizing opportunities to promote CIBC investment products…",7 days ago
218,"Manager, FP&A and Reporting",new,Metrolinx,"Toronto, ON","$109,701 - $152,070 a year","The Manager will be responsible for leading and managing implementation of plans, goals, objectives, and policies aligned with the overall long term strategy…",Today
219,"Financial Crimes Specialist, AML","Financial Crimes Specialist, AML",NorthOne,"Toronto, ON",not being posted,"We're rebuilding business banking from the ground up.
Imagine you could start with a clean slate and think of a different way to deliver banking to small…",8 days ago
220,"Project Financial Control Officer, OnCorr",new,Metrolinx,"Toronto, ON","$73,728 - $101,510 a year",Our GO Expansion OnCorr team is seeking a Project Finance Control Officer to provide financial planning and accounting in coordination with the Cost Controllers…,5 days ago
221,Financial Analyst,new,Oxford Properties,"Toronto, ON",not being posted,"For this portfolio, you will be accountable for a diverse set of activities, including full cycle accounting and reporting, real estate performance analysis,…",2 days ago
222,Customer Finance Co-op,new,Mondelēz International,"Toronto, ON",not being posted,"Knowledge of finance and accounting concepts including financial analysis and financial modelling.
Managing trade position for assigned Customer Business Teams.",Today
223,"Manager, Finance",new,TD Bank,"Toronto, ON",not being posted,"Conducts and/or manages the finance process as it applies to area of responsibility.
Participate in special projects as assigned to provide financial advice and…",1 day ago
224,finance manager,new,LINDBERG HOMBURGER MODENT DENTAL STUDIOS LTD,"Toronto, ON",$50 an hour,"Train, direct and motivate staff.
Plan and control budget and expenditures.
Health care institution, facility or clinic.
Oversee the preparation of reports.",1 day ago
225,Dynamics365 Finance Consultant,new,The Principal TAG,"Mississauga, ON",$60 an hour,"Senior Dynamics365 finance consultant with 8-10 years of experience.
Looking for a Dynamics365 finance consultant to test integrations between their lending…",Just posted
226,Equity Research Associate,Equity Research Associate,Raymond James,"Toronto, ON",not being posted,Associates play a critical role assisting in all tasks required for the Equity Research Analyst to stay abreast of market events with the end-goal of providing…,8 days ago
227,Director of Finance,Director of Finance,Grant Martin & Associates,"Toronto, ON",$120 - $130 an hour,"Implement process improvements relating to the finance team.
Overseeing and working through the Finance Department team;
Reconcile bank and investment accounts.",30+ days ago
228,Finance Working Student (Remote Option),Finance Working Student (Remote Option),WOW Tech Group,Ontario•Remote,not being posted,"You will help us to expand our finance, controlling and accounting infrastructure, especially in the areas of process automation and digitalization.",15 days ago
229,Financial Analyst,new,York Region,"Newmarket, ON",$44.63 - $48.51 an hour,Assists in the development and implementation of new financial management reports for the Branch to provide the necessary tools and information to the…,1 day ago
230,Investment Associate,new,National Bank of Canada,"Toronto, ON",not being posted,"This position reports to the Regional Manager.
Support Investment Advisors in providing superior customer service and be available to answer client requests in…",5 days ago
231,Credit Analyst (Remote),Credit Analyst (Remote),Canada Drives,"Toronto, ON•Remote","$37,500 - $45,000 a year","As the Credit Analyst, you will be securing financing for consumer vehicle applications.
Carefully analyzing a customer's credit report while taking note of…",8 days ago
232,Finance Manager - Reporting & Controls,new,PepsiCo,"Mississauga, ON",not being posted,"The Financial Reporting, Associate Manger, contributes to the Juice joint venture’s success by acting as an integral part of the Finance team to deliver…",7 days ago
233,Contact Centre Investment Team,new,CIBC,"Toronto, ON•Remote",not being posted,"As a Mutual Funds Representative you will focus on providing an excellent client experience, by recognizing opportunities to promote CIBC investment products…",7 days ago
234,Entry Level Banking Roles/No Experience Needed,new,Aston Carter,"Mississauga, ON",$17 an hour,"Avec plus de 60 bureaux en Europe, Asie et Amérique du Nord, Aston Carter offre une expertise locale, régionale et mondiale pour répondre aux besoins uniques de…",1 day ago
235,"Manager, FP&A and Reporting",new,Metrolinx,"Toronto, ON","$109,701 - $152,070 a year","The Manager will be responsible for leading and managing implementation of plans, goals, objectives, and policies aligned with the overall long term strategy…",Today
236,"Financial Crimes Specialist, AML","Financial Crimes Specialist, AML",NorthOne,"Toronto, ON",not being posted,"We're rebuilding business banking from the ground up.
Imagine you could start with a clean slate and think of a different way to deliver banking to small…",8 days ago
237,"Project Financial Control Officer, OnCorr",new,Metrolinx,"Toronto, ON","$73,728 - $101,510 a year",Our GO Expansion OnCorr team is seeking a Project Finance Control Officer to provide financial planning and accounting in coordination with the Cost Controllers…,5 days ago
238,Financial Analyst,new,Oxford Properties,"Toronto, ON",not being posted,"For this portfolio, you will be accountable for a diverse set of activities, including full cycle accounting and reporting, real estate performance analysis,…",2 days ago
239,Customer Finance Co-op,new,Mondelēz International,"Toronto, ON",not being posted,"Knowledge of finance and accounting concepts including financial analysis and financial modelling.
Managing trade position for assigned Customer Business Teams.",Today
240,"Manager, Finance",new,TD Bank,"Toronto, ON",not being posted,"Conducts and/or manages the finance process as it applies to area of responsibility.
Participate in special projects as assigned to provide financial advice and…",1 day ago
241,"Finance/Audit Student, Winter 2022","Finance/Audit Student, Winter 2022",Canadian Tire,"Toronto, ON",not being posted,"The Internal Audit analyst will be involved in audit engagements/projects, which will provide the student with the opportunity to understand how the business…",30+ days ago
242,Senior Finance Analyst,new,TD Bank,"Toronto, ON",not being posted,"Develop and maintain good relationships with key business / finance partners and other stakeholders and effectively.
Participate in ad-hoc projects as required.",2 days ago
243,Credit Analyst (Remote),Credit Analyst (Remote),Canada Drives,"Toronto, ON•Remote","$37,500 - $45,000 a year","As the Credit Analyst, you will be securing financing for consumer vehicle applications.
Carefully analyzing a customer's credit report while taking note of…",8 days ago
244,Finance Clerk,Finance Clerk,Lee Valley Tools,"Ottawa, ON",not being posted,"Lee Valley Tools enjoys a proud 40-year history of providing high-quality woodworking, gardening, hobby, hardware, gift and seasonal merchandise to customers…",8 days ago
245,Finance Analyst - Customer Finance,new,PepsiCo,"Mississauga, ON",not being posted,"Support the design and implementation of post gaming tools, to assess ROI of PepsiCo investments, and highlight areas of opportunity.",7 days ago
246,Financial Advisor/Personal Financial Services - Trainee,new,TD Bank,"Toronto, ON+8 locations",not being posted,"By understanding their needs and providing personalized financial solutions, our purpose is to help our customers and small businesses achieve their financial…",1 day ago
247,"Director, Finance",new,AstraZeneca,"Mississauga, ON",not being posted,"Drive a mindset of continuous improvement and process excellence within the finance team.
You positively impact and influence others and quickly establish…",Just posted
248,"Analyst, Partner Planning (Finance & Revenue)",new,Points,"Toronto, ON",not being posted,"We're looking for a strategic and results-oriented Analyst, Partner Planning to work closely with internal stakeholders to help manage the growth and ensure the…",1 day ago
249,"Associate-Structured Finance Ratings, U.S. RMBS","Associate-Structured Finance Ratings, U.S. RMBS",S&P Global,"Toronto, ON","$82,600 - $140,100 a year","In addition, the Associate will be responsible for aggregating data and information to be used to present to rating committees.
2+ of relevant work experience.",15 days ago
250,Investment Associate,new,National Bank of Canada,"Toronto, ON",not being posted,"This position reports to the Regional Manager.
Support Investment Advisors in providing superior customer service and be available to answer client requests in…",5 days ago
251,Director of Finance and Operations,new,Moskowitz Capital,"Toronto, ON•Remote",not being posted,"The successful candidate will have an extraordinary moral compass, CPA, CA or CMA and will work with a small group of high performing professionals.",3 days ago
252,Financial Analyst,new,Oxford Properties,"Toronto, ON",not being posted,"For this portfolio, you will be accountable for a diverse set of activities, including full cycle accounting and reporting, real estate performance analysis,…",2 days ago
253,"Manager, FP&A and Reporting",new,Metrolinx,"Toronto, ON","$109,701 - $152,070 a year","The Manager will be responsible for leading and managing implementation of plans, goals, objectives, and policies aligned with the overall long term strategy…",Today
254,"Junior Financial Analyst, Consulting","Junior Financial Analyst, Consulting",BDO,"Toronto, ON",not being posted,"Bachelor’s degree in accounting, finance, business management or other related field.
Support weekly, monthly and annual reporting requirements of the business…",29 days ago
255,"Director, FP&A",new,opentext,"Richmond Hill, ON",not being posted,"Ability to effectively interact, influence and collaborate with finance peers.
The position requires the ability to operate with a high degree of autonomy in…",1 day ago
256,Automotive Sales or Finance Manager,new,AvantaGuard,"Toronto, ON•Remote","$48,000 - $100,000 a year","The Regional Sales Manager - GTA Central will be responsible for: *.
Identifying and targeting business opportunities.
Analyze the needs of prospects.",4 days ago
257,"Analyst, Budgeting & Internal Reporting (Finance)",new,CBC/Radio-Canada,"Toronto, ON",not being posted,"Other finance and business support duties as required.
Provide accounting and finance guidance and support with purchasing and e-plaza ordering.",1 day ago
258,Banking Analyst – Expert Graduate Programme – 2022,Banking Analyst – Expert Graduate Programme – 2022,Barclays,"Toronto, ON",not being posted,"A strong interest in business and finance, though no specific major is required.
After several weeks of intensive training to start, you’ll join one of our…",30+ days ago
259,BUSINESS ANALYST CORPORATE FINANCE,new,City of Toronto,"Toronto, ON","$82,410 - $96,806 a year",Ensures effective and ongoing implementation of recommendations arising from Auditors' review of investment process.,6 days ago
260,"Project Financial Control Officer, OnCorr",new,Metrolinx,"Toronto, ON","$73,728 - $101,510 a year",Our GO Expansion OnCorr team is seeking a Project Finance Control Officer to provide financial planning and accounting in coordination with the Cost Controllers…,5 days ago
261,"Director, Administration & Finance",new,University of Toronto,"Toronto, ON","$105,411 - $175,685 a year","Proven leadership, team building and management skills.
Faculty/Division: Faculty of Applied Science & Engineering.
Knowledge of HR policies and practices.",5 days ago
262,Financial Services Associate,new,CIBC,"Mississauga, ON+2 locations",not being posted,"As a member of the Personal and Business Banking Team, you’ll partner with Financial Advisors to help high value clients secure their futures and set up their…",5 days ago
263,"Director, Financial Planning & Analysis","Director, Financial Planning & Analysis",Metrolinx,"Toronto, ON","$141,998 - $203,766 a year","Knowledge of the principles of accountability and risk management, along with key performance measurement methodologies, practices and techniques to lead the…",10 days ago
264,"Manager, Finance",new,TD Bank,"Toronto, ON",not being posted,"Conducts and/or manages the finance process as it applies to area of responsibility.
Participate in special projects as assigned to provide financial advice and…",1 day ago
265,"Finance/Audit Student, Winter 2022","Finance/Audit Student, Winter 2022",Canadian Tire,"Toronto, ON",not being posted,"The Internal Audit analyst will be involved in audit engagements/projects, which will provide the student with the opportunity to understand how the business…",30+ days ago
266,Senior Finance Analyst,new,TD Bank,"Toronto, ON",not being posted,"Develop and maintain good relationships with key business / finance partners and other stakeholders and effectively.
Participate in ad-hoc projects as required.",2 days ago
267,Credit Analyst (Remote),Credit Analyst (Remote),Canada Drives,"Toronto, ON•Remote","$37,500 - $45,000 a year","As the Credit Analyst, you will be securing financing for consumer vehicle applications.
Carefully analyzing a customer's credit report while taking note of…",8 days ago
268,Finance Clerk,Finance Clerk,Lee Valley Tools,"Ottawa, ON",not being posted,"Lee Valley Tools enjoys a proud 40-year history of providing high-quality woodworking, gardening, hobby, hardware, gift and seasonal merchandise to customers…",8 days ago
269,Finance Analyst - Customer Finance,new,PepsiCo,"Mississauga, ON",not being posted,"Support the design and implementation of post gaming tools, to assess ROI of PepsiCo investments, and highlight areas of opportunity.",7 days ago
270,Financial Advisor/Personal Financial Services - Trainee,new,TD Bank,"Toronto, ON+8 locations",not being posted,"By understanding their needs and providing personalized financial solutions, our purpose is to help our customers and small businesses achieve their financial…",1 day ago
271,Finance Working Student (Remote Option),Finance Working Student (Remote Option),WOW Tech Group,Ontario•Remote,not being posted,"You will help us to expand our finance, controlling and accounting infrastructure, especially in the areas of process automation and digitalization.",15 days ago
272,Financial Analyst,new,York Region,"Newmarket, ON",$44.63 - $48.51 an hour,Assists in the development and implementation of new financial management reports for the Branch to provide the necessary tools and information to the…,1 day ago
273,Investment Associate,new,National Bank of Canada,"Toronto, ON",not being posted,"This position reports to the Regional Manager.
Support Investment Advisors in providing superior customer service and be available to answer client requests in…",5 days ago
274,Credit Analyst (Remote),Credit Analyst (Remote),Canada Drives,"Toronto, ON•Remote","$37,500 - $45,000 a year","As the Credit Analyst, you will be securing financing for consumer vehicle applications.
Carefully analyzing a customer's credit report while taking note of…",8 days ago
275,Finance Manager - Reporting & Controls,new,PepsiCo,"Mississauga, ON",not being posted,"The Financial Reporting, Associate Manger, contributes to the Juice joint venture’s success by acting as an integral part of the Finance team to deliver…",7 days ago
276,Contact Centre Investment Team,new,CIBC,"Toronto, ON•Remote",not being posted,"As a Mutual Funds Representative you will focus on providing an excellent client experience, by recognizing opportunities to promote CIBC investment products…",7 days ago
277,"Manager, FP&A and Reporting",new,Metrolinx,"Toronto, ON","$109,701 - $152,070 a year","The Manager will be responsible for leading and managing implementation of plans, goals, objectives, and policies aligned with the overall long term strategy…",Today
278,Financial Customer Service Representative (Job Fair) Friday...,new,Pay2Day,"Milton, ON",$15 - $16 an hour,"Customer focused; Check us out on Google and Trust Pilot.
Flexibility; Our Stores are open 7 days a week with varying hours.",1 day ago
279,"Financial Crimes Specialist, AML","Financial Crimes Specialist, AML",NorthOne,"Toronto, ON",not being posted,"We're rebuilding business banking from the ground up.
Imagine you could start with a clean slate and think of a different way to deliver banking to small…",8 days ago
280,"Project Financial Control Officer, OnCorr",new,Metrolinx,"Toronto, ON","$73,728 - $101,510 a year",Our GO Expansion OnCorr team is seeking a Project Finance Control Officer to provide financial planning and accounting in coordination with the Cost Controllers…,5 days ago
281,Financial Analyst,new,Oxford Properties,"Toronto, ON",not being posted,"For this portfolio, you will be accountable for a diverse set of activities, including full cycle accounting and reporting, real estate performance analysis,…",2 days ago
282,Customer Finance Co-op,new,Mondelēz International,"Toronto, ON",not being posted,"Knowledge of finance and accounting concepts including financial analysis and financial modelling.
Managing trade position for assigned Customer Business Teams.",Today
283,"Manager, Finance",new,TD Bank,"Toronto, ON",not being posted,"Conducts and/or manages the finance process as it applies to area of responsibility.
Participate in special projects as assigned to provide financial advice and…",1 day ago
284,finance manager,new,LINDBERG HOMBURGER MODENT DENTAL STUDIOS LTD,"Toronto, ON",$50 an hour,"Train, direct and motivate staff.
Plan and control budget and expenditures.
Health care institution, facility or clinic.
Oversee the preparation of reports.",1 day ago
285,Dynamics365 Finance Consultant,new,The Principal TAG,"Mississauga, ON",$60 an hour,"Senior Dynamics365 finance consultant with 8-10 years of experience.
Looking for a Dynamics365 finance consultant to test integrations between their lending…",Just posted
286,Finance Working Student (Remote Option),Finance Working Student (Remote Option),WOW Tech Group,Ontario•Remote,not being posted,"You will help us to expand our finance, controlling and accounting infrastructure, especially in the areas of process automation and digitalization.",15 days ago
287,Financial Analyst,new,York Region,"Newmarket, ON",$44.63 - $48.51 an hour,Assists in the development and implementation of new financial management reports for the Branch to provide the necessary tools and information to the…,1 day ago
288,Investment Associate,new,National Bank of Canada,"Toronto, ON",not being posted,"This position reports to the Regional Manager.
Support Investment Advisors in providing superior customer service and be available to answer client requests in…",5 days ago
289,Credit Analyst (Remote),Credit Analyst (Remote),Canada Drives,"Toronto, ON•Remote","$37,500 - $45,000 a year","As the Credit Analyst, you will be securing financing for consumer vehicle applications.
Carefully analyzing a customer's credit report while taking note of…",8 days ago
290,Finance Manager - Reporting & Controls,new,PepsiCo,"Mississauga, ON",not being posted,"The Financial Reporting, Associate Manger, contributes to the Juice joint venture’s success by acting as an integral part of the Finance team to deliver…",7 days ago
291,Contact Centre Investment Team,new,CIBC,"Toronto, ON•Remote",not being posted,"As a Mutual Funds Representative you will focus on providing an excellent client experience, by recognizing opportunities to promote CIBC investment products…",7 days ago
292,"Manager, FP&A and Reporting",new,Metrolinx,"Toronto, ON","$109,701 - $152,070 a year","The Manager will be responsible for leading and managing implementation of plans, goals, objectives, and policies aligned with the overall long term strategy…",Today
293,Entry Level Banking Roles/No Experience Needed,new,Aston Carter,"Mississauga, ON",$17 an hour,"Avec plus de 60 bureaux en Europe, Asie et Amérique du Nord, Aston Carter offre une expertise locale, régionale et mondiale pour répondre aux besoins uniques de…",1 day ago
294,"Financial Crimes Specialist, AML","Financial Crimes Specialist, AML",NorthOne,"Toronto, ON",not being posted,"We're rebuilding business banking from the ground up.
Imagine you could start with a clean slate and think of a different way to deliver banking to small…",8 days ago
295,"Project Financial Control Officer, OnCorr",new,Metrolinx,"Toronto, ON","$73,728 - $101,510 a year",Our GO Expansion OnCorr team is seeking a Project Finance Control Officer to provide financial planning and accounting in coordination with the Cost Controllers…,5 days ago
296,Financial Analyst,new,Oxford Properties,"Toronto, ON",not being posted,"For this portfolio, you will be accountable for a diverse set of activities, including full cycle accounting and reporting, real estate performance analysis,…",2 days ago
297,Customer Finance Co-op,new,Mondelēz International,"Toronto, ON",not being posted,"Knowledge of finance and accounting concepts including financial analysis and financial modelling.
Managing trade position for assigned Customer Business Teams.",Today
298,"Manager, Finance",new,TD Bank,"Toronto, ON",not being posted,"Conducts and/or manages the finance process as it applies to area of responsibility.
Participate in special projects as assigned to provide financial advice and…",1 day ago
299,finance manager,new,LINDBERG HOMBURGER MODENT DENTAL STUDIOS LTD,"Toronto, ON",$50 an hour,"Train, direct and motivate staff.
Plan and control budget and expenditures.
Health care institution, facility or clinic.
Oversee the preparation of reports.",1 day ago
300,Dynamics365 Finance Consultant,new,The Principal TAG,"Mississauga, ON",$60 an hour,"Senior Dynamics365 finance consultant with 8-10 years of experience.
Looking for a Dynamics365 finance consultant to test integrations between their lending…",Just posted
