"","job_title","new","company","city","province","multi","remote","salary","summary","posted_date"
"1","Director of Administration (HR & Finance)","yes","Real Food For Real Kids","Toronto"," ","",NA,"$100,000 - $120,000 a year","Minimum of 5 years experience in accounting and finance.
Manage relationship with external accountants or any other finance/accounting consultants, oversee…","1 day ago"
"2","Director of Administration (HR & Finance)","yes","Real Food For Real Kids","Toronto"," ","",NA,"$100,000 - $120,000 a year","Minimum of 5 years experience in accounting and finance.
Manage relationship with external accountants or any other finance/accounting consultants, oversee…","1 day ago"
"3","Director of Administration (HR & Finance)","yes","Real Food For Real Kids","Toronto"," ","",NA,"$100,000 - $120,000 a year","Minimum of 5 years experience in accounting and finance.
Manage relationship with external accountants or any other finance/accounting consultants, oversee…","1 day ago"
"4","Director of Administration (HR & Finance)","yes","Real Food For Real Kids","Toronto"," ","",NA,"$100,000 - $120,000 a year","Minimum of 5 years experience in accounting and finance.
Manage relationship with external accountants or any other finance/accounting consultants, oversee…","1 day ago"
"5","Director of Administration (HR & Finance)","yes","Real Food For Real Kids","Toronto"," ","",NA,"$100,000 - $120,000 a year","Minimum of 5 years experience in accounting and finance.
Manage relationship with external accountants or any other finance/accounting consultants, oversee…","1 day ago"
"6","Director of Administration (HR & Finance)","yes","Real Food For Real Kids","Toronto"," ","",NA,"$100,000 - $120,000 a year","Minimum of 5 years experience in accounting and finance.
Manage relationship with external accountants or any other finance/accounting consultants, oversee…","1 day ago"
"7","Director of Administration (HR & Finance)","yes","Real Food For Real Kids","Toronto"," ","",NA,"$100,000 - $120,000 a year","Minimum of 5 years experience in accounting and finance.
Manage relationship with external accountants or any other finance/accounting consultants, oversee…","1 day ago"
"8","Director of Administration (HR & Finance)","yes","Real Food For Real Kids","Toronto"," ","",NA,"$100,000 - $120,000 a year","Minimum of 5 years experience in accounting and finance.
Manage relationship with external accountants or any other finance/accounting consultants, oversee…","1 day ago"
"9","Director of Administration (HR & Finance)","yes","Real Food For Real Kids","Toronto"," ","",NA,"$100,000 - $120,000 a year","Minimum of 5 years experience in accounting and finance.
Manage relationship with external accountants or any other finance/accounting consultants, oversee…","1 day ago"
"10","Director of Administration (HR & Finance)","yes","Real Food For Real Kids","Toronto"," ","",NA,"$100,000 - $120,000 a year","Minimum of 5 years experience in accounting and finance.
Manage relationship with external accountants or any other finance/accounting consultants, oversee…","1 day ago"
"11","Director of Administration (HR & Finance)","yes","Real Food For Real Kids","Toronto"," ","",NA,"$100,000 - $120,000 a year","Minimum of 5 years experience in accounting and finance.
Manage relationship with external accountants or any other finance/accounting consultants, oversee…","1 day ago"
